Workbook

Sheet Members
A1: Slot # | B1: Name | C1: Mobile | D1: Email | E1: Reserved Date | F1: Tier | G1: Load Amount | H1: Bonus Credits | I1: First Load Date | J1: Perks Expiry | K1: Perks Status | L1: Bonus Credits Expiry | M1: Referred By | N1: Birthday Month | O1: Notes
A2: 1 | B2: Juan dela Cruz | C2: 0917 123 4567 | D2: juan@example.com | E2: 46221 | F2: Founder | G2: 2000 | H2: =IF(F2="Founder",300,IF(F2="Starter",100,"")) | I2: 46223 | J2: =IF(I2="","",I2+IF(F2="Founder",90,30)) | K2: =IF(I2="","NOT LOADED",IF(TODAY()>J2,"EXPIRED",IF(J2-TODAY()<=7,"EXPIRING SOON","ACTIVE"))) | L2: =IF(I2="","",I2+90) | M2: Maria Santos | N2: March | O2: Example row — replace with real data
A3: 2 | H3: =IF(F3="Founder",300,IF(F3="Starter",100,"")) | J3: =IF(I3="","",I3+IF(F3="Founder",90,30)) | K3: =IF(I3="","NOT LOADED",IF(TODAY()>J3,"EXPIRED",IF(J3-TODAY()<=7,"EXPIRING SOON","ACTIVE"))) | L3: =IF(I3="","",I3+90)
A4: 3 | H4: =IF(F4="Founder",300,IF(F4="Starter",100,"")) | J4: =IF(I4="","",I4+IF(F4="Founder",90,30)) | K4: =IF(I4="","NOT LOADED",IF(TODAY()>J4,"EXPIRED",IF(J4-TODAY()<=7,"EXPIRING SOON","ACTIVE"))) | L4: =IF(I4="","",I4+90)
A5: 4 | H5: =IF(F5="Founder",300,IF(F5="Starter",100,"")) | J5: =IF(I5="","",I5+IF(F5="Founder",90,30)) | K5: =IF(I5="","NOT LOADED",IF(TODAY()>J5,"EXPIRED",IF(J5-TODAY()<=7,"EXPIRING SOON","ACTIVE"))) | L5: =IF(I5="","",I5+90)
A6: 5 | H6: =IF(F6="Founder",300,IF(F6="Starter",100,"")) | J6: =IF(I6="","",I6+IF(F6="Founder",90,30)) | K6: =IF(I6="","NOT LOADED",IF(TODAY()>J6,"EXPIRED",IF(J6-TODAY()<=7,"EXPIRING SOON","ACTIVE"))) | L6: =IF(I6="","",I6+90)
A7: 6 | H7: =IF(F7="Founder",300,IF(F7="Starter",100,"")) | J7: =IF(I7="","",I7+IF(F7="Founder",90,30)) | K7: =IF(I7="","NOT LOADED",IF(TODAY()>J7,"EXPIRED",IF(J7-TODAY()<=7,"EXPIRING SOON","ACTIVE"))) | L7: =IF(I7="","",I7+90)
A8: 7 | H8: =IF(F8="Founder",300,IF(F8="Starter",100,"")) | J8: =IF(I8="","",I8+IF(F8="Founder",90,30)) | K8: =IF(I8="","NOT LOADED",IF(TODAY()>J8,"EXPIRED",IF(J8-TODAY()<=7,"EXPIRING SOON","ACTIVE"))) | L8: =IF(I8="","",I8+90)
A9: 8 | H9: =IF(F9="Founder",300,IF(F9="Starter",100,"")) | J9: =IF(I9="","",I9+IF(F9="Founder",90,30)) | K9: =IF(I9="","NOT LOADED",IF(TODAY()>J9,"EXPIRED",IF(J9-TODAY()<=7,"EXPIRING SOON","ACTIVE"))) | L9: =IF(I9="","",I9+90)
A10: 9 | H10: =IF(F10="Founder",300,IF(F10="Starter",100,"")) | J10: =IF(I10="","",I10+IF(F10="Founder",90,30)) | K10: =IF(I10="","NOT LOADED",IF(TODAY()>J10,"EXPIRED",IF(J10-TODAY()<=7,"EXPIRING SOON","ACTIVE"))) | L10: =IF(I10="","",I10+90)
A11: 10 | H11: =IF(F11="Founder",300,IF(F11="Starter",100,"")) | J11: =IF(I11="","",I11+IF(F11="Founder",90,30)) | K11: =IF(I11="","NOT LOADED",IF(TODAY()>J11,"EXPIRED",IF(J11-TODAY()<=7,"EXPIRING SOON","ACTIVE"))) | L11: =IF(I11="","",I11+90)
A12: 11 | H12: =IF(F12="Founder",300,IF(F12="Starter",100,"")) | J12: =IF(I12="","",I12+IF(F12="Founder",90,30)) | K12: =IF(I12="","NOT LOADED",IF(TODAY()>J12,"EXPIRED",IF(J12-TODAY()<=7,"EXPIRING SOON","ACTIVE"))) | L12: =IF(I12="","",I12+90)
A13: 12 | H13: =IF(F13="Founder",300,IF(F13="Starter",100,"")) | J13: =IF(I13="","",I13+IF(F13="Founder",90,30)) | K13: =IF(I13="","NOT LOADED",IF(TODAY()>J13,"EXPIRED",IF(J13-TODAY()<=7,"EXPIRING SOON","ACTIVE"))) | L13: =IF(I13="","",I13+90)
A14: 13 | H14: =IF(F14="Founder",300,IF(F14="Starter",100,"")) | J14: =IF(I14="","",I14+IF(F14="Founder",90,30)) | K14: =IF(I14="","NOT LOADED",IF(TODAY()>J14,"EXPIRED",IF(J14-TODAY()<=7,"EXPIRING SOON","ACTIVE"))) | L14: =IF(I14="","",I14+90)
... A31: 30 | H31: =IF(F31="Founder",300,IF(F31="Starter",100,"")) | J31: =IF(I31="","",I31+IF(F31="Founder",90,30)) | K31: =IF(I31="","NOT LOADED",IF(TODAY()>J31,"EXPIRED",IF(J31-TODAY()<=7,"EXPIRING SOON","ACTIVE"))) | L31: =IF(I31="","",I31+90)

Sheet Summary
A1: Lala Wash — Founding 25 Tracker
A3: Slots reserved | B3: =COUNTA(Members!B2:B31)
A4: Slots remaining (of 25) | B4: =25-COUNTA(Members!B2:B26)
A5: Members loaded (paid) | B5: =COUNT(Members!I2:I31)
A6: Perks ACTIVE | B6: =COUNTIF(Members!K2:K31,"ACTIVE")
A7: Perks EXPIRING SOON (≤7 days) | B7: =COUNTIF(Members!K2:K31,"EXPIRING SOON")
A8: Perks EXPIRED | B8: =COUNTIF(Members!K2:K31,"EXPIRED")
A9: Total cash loaded | B9: =SUM(Members!G2:G31)
A10: Total bonus credits given | B10: =SUM(Members!H2:H31)
A11: Founder count | B11: =COUNTIF(Members!F2:F31,"Founder")
A12: Starter count | B12: =COUNTIF(Members!F2:F31,"Starter")
A15: How to use
A16: Blue cells in Members = you type these (name, mobile, tier, dates…).
A17: Black cells = automatic formulas — do not edit.
A18: Tier must be exactly: Founder or Starter.
A19: Perks Expiry auto-computes: First Load + 90 days (Founder) / + 30 days (Starter).
A20: Bonus Credits Expiry = First Load + 90 days.
A21: Status colors: green ACTIVE, yellow EXPIRING SOON (≤7 days), red EXPIRED.
A22: Rows 26-31 (slot 26+) are overflow/waitlist — grey slot numbers.
A23: Row 2 of Members is an example — replace it with your first real member.
A24: Perk durations set per owner decision, 2026-07-17 (no source doc).
